0,1,2,3,4,5
0.03312487441712,0.154169306711172,0.025898062907948,0.104020247382992,0.082843078126531,0
0.07607418649482,0.166371209338491,0.078966533159002,0.056025225440251,0.098676119604342,0
0.09272998951028,0.305202969914557,0.058397439090549,0.0354236803522,0.137183078586708,0
0.09376544737636,0.045569130119494,0.089808563812511,0.023604709127908,0.096101011737884,0
0.15367483386856,0.070998479389554,0.060831521495809,0.100428413786424,0.089908962653648,0
0.172443664240873,0.130100647141222,0.114645931338726,0.015135648404684,0.045341172208163,0
0.222130523736206,0.159524185654259,0.025407269433875,0.041910922755872,0.069795090407676,0
0.243443296035165,0.259119726483075,0.01789256953113,0.131061132675707,0.123806141278211,0
0.271177306587951,0.074727097187591,0.031058364754494,0.093178300149299,0.063324719928343,0
0.34241339672289,0.343562240413752,0.026365725699171,0.141576497305887,0.097879127429999,0
0.343290338695549,0.218090002265456,0.135550377386842,0.076354629636802,0.103458083392944,0
0.30345331798498,0.121391264492211,0.039568975285157,0.066072759713961,0.046497051755279,0
0.35014893637622,0.242765399925461,0.081317597185009,0.096420673015046,0.102832308904948,0
0.313223756073425,0.346522640379208,0.029751598007802,0.042331039804491,0.092686469377441,0
0.187953998339178,0.220801193024609,0.065850250754739,0.069646029323203,0.038301664796698,0
0.196367681624023,0.276366751452008,0.066670121944169,0.050107180417511,0.048115467145168,0
0.153480661615274,0.129098820188318,0.080457136664645,0.034242783051412,0.078982673762544,0
0.261251118475525,0.22947652927525,0.067181605332339,0.089675113322121,0.041981469977504,0
0.360528279494295,0.258814275976234,0.033444502016287,0.092694381034328,0.047671919996918,0
0.293129596367611,0.300897579320761,0.050946982105897,0.026548579944562,0.048391737186106,0
0.26496015523522,0.297100246458413,0.074546397005877,0.079710883752389,0.046498972267789,0
0.094545855448544,0.166437326649209,0.101348470592441,0.07650841213514,0.094179112984556,0
0.352935281529786,0.377227468989972,0.027132756552824,0.10647420556113,0.06750343487737,0
0.266242048115244,0.304121649152751,0.097687410285615,0.034658194205517,0.044856251907558,0
0.320142620659587,0.277110808527792,0.029198626478338,0.109703122293172,0.027208874922803,0
0.14323453474823,0.279403431699263,0.056545197548371,0.042645060271513,0.05128961796812,0
0.285653806495122,0.357904301648388,0.073140093681242,0.104002851487707,0.028818585699056,0
0.112221757050985,0.238209248472102,0.096699752529385,0.021062676031802,0.066849158769826,0
0.36380137692861,0.212440353743671,0.03329363902575,0.039778738888363,0.073191733293723,0
0.362480407000524,0.107091180240625,0.037237824781437,0.046672940879499,0.094939082286251,0
0.317052105124774,0.200668509425018,0.063982883116421,0.079602423013102,0.050930796074681,0
0.37093244130424,0.267230783139222,0.072949126086708,0.066366480994493,0.037295220506579,0
0.184444680540463,0.093465831597254,0.043775022498337,0.043733060261588,0.080378931400926,0
0.22705822327128,0.133060855671097,0.084915861992278,0.064831957191163,0.035866656126585,0
0.31750763740952,0.269118687262998,0.091260919633327,0.107921332162424,0.043028038113267,0
0.271268633799602,0.309801099763988,0.036989309509241,0.068802138506196,0.075953265026354,0
0.343551751986209,0.377832137075061,0.106446360363685,0.046031424013622,0.082505730543837,0
0.367608148164149,0.233098438850238,0.046613220149818,0.058146731661317,0.080148061357299,0
0.10343053228027,0.206574767468192,0.026814007522036,0.047393883384557,0.074390123027065,0
0.297477627811089,0.130879698182917,0.109401235514617,0.073993240227106,0.043876736927294,0
0.086568528513758,0.231808362035941,0.098566741403445,0.087529302953459,0.068515013500645,0
0.209162092658328,0.213990507209157,0.042533887748698,0.035217268550899,0.036414113109549,0
0.186293758938724,0.282264371850907,0.056722481689386,0.078316793986668,0.06206039956713,0
0.315787058534621,0.281440122218262,0.061489798869292,0.032402858365101,0.029980711997202,0
0.216876748476734,0.144162900566397,0.026568494382201,0.043315914159915,0.077625819412275,0
0.354480748255816,0.154966967314237,0.077257081283545,0.032371064763769,0.09420950410474,0
0.377423867275938,0.244552579382288,0.044436213919228,0.082153246747126,0.025766996836722,0
0.089219565780185,0.296334673086366,0.075139468306411,0.061698854734124,0.022875300595875,0
0.072054438771957,0.531905448156652,0.032570980215561,0.14015767132796,0.123136853139018,0
0.072856428203028,1.87306237002494,0.033650908830103,0.049002647464474,0.034781467798745,0
0.140059118189895,0.637427772282915,0.102890247675128,0.010708621738471,0.03251312719845,0
0.171281969656219,0.448164571880124,0.062445766047706,0.097620388199993,0.080439076201212,0
0.192058806421532,1.75614711663446,0.143681139292847,0.113305568337408,0.087609567351596,0
0.325624159533217,1.76293281080587,0.112909946132544,0.122487330253879,0.049484840159983,0
0.340903903824598,1.47868689668848,0.09925804598973,0.134209783960686,0.076110089522673,0
0.351641778838124,0.551891579773544,0.118518595270556,0.141529851818987,0.135275829059871,0
0.358988844460665,1.82967977239067,0.060185201996198,0.026221668333518,0.130834479622583,0
0.367569386651782,0.482711216598517,0.057124598947149,0.028818054771456,0.018872495866188,0
0.419624007973169,0.232720042601478,0.089784555881984,0.116744216003697,0.132747189146645,0
0.4207783308036,0.031881699030376,0.029729391496467,0.122307577305566,0.020437090115168,0
0.423693647740594,0.062799085708901,0.062435616638631,0.143100002897388,0.112479151853597,0
0.434078361009916,0.071956824940178,0.146415273073263,0.148069504227144,0.107742639962764,0
0.448767556049649,0.381012141667066,0.027788471771264,0.083114056407673,0.117799097433806,0
0.462266558253671,0.155659888299203,0.023921794986308,0.044044106739924,0.111117370459792,0
0.46903292531834,0.361290783690962,0.01522874642489,0.125164078492352,0.060426689797577,0
0.473589354759731,0.058557555297511,0.128891277469185,0.102065804922048,0.089563204466966,0
0.479740422059463,0.156258527186725,0.132808075713835,0.064942315039169,0.124323921526021,0
0.485166520078922,0.229843485131475,0.12942132376543,0.051222844889742,0.06391368200427,0
0.501735435680191,0.327493913425245,0.109868942023837,0.135328957276208,0.081634841896193,0
0.501989838062322,1.7427923035323,0.093389423685098,0.076020666397022,0.067657727980618,0
0.538544084751525,0.26773469335278,0.095640904472809,0.068744008739891,0.044682338530162,0
0.541386257637148,1.75847367284676,0.144566678935348,0.136749089873849,0.037410758870502,0
0.544667945176043,1.08785208717513,0.071621349123544,0.027085352878269,0.079324767415578,0
0.546801726918809,0.123602843617737,0.057891444820227,0.124976022654082,0.025488443173729,0
0.554517065900515,1.99427775531385,0.114446283097159,0.091671627113602,0.144704156786436,0
0.59965315970742,0.474879424589321,0.087952176744169,0.141061668382509,0.107444171534496,0
0.655925801501538,0.739258454394082,0.110236112038636,0.102249351867421,0.013793438950488,0
0.728338054910653,0.192248325920002,0.045249521415551,0.079614790824934,0.052122963374348,0
0.751650148854505,0.526910029683049,0.034248261787402,0.070739230893316,0.065790662815632,0
0.799877319641176,0.27410435054569,0.043620386628947,0.020620865935213,0.028043161067491,0
0.856174873893774,0.054713923557034,0.052645927684272,0.023674095960894,0.105792623711702,0
0.870346254074778,1.88779568113352,0.097858131211769,0.091804003669234,0.136162121468738,0
0.96620882504308,0.218811055052168,0.039814982611248,0.029092006582148,0.012036253193504,0
1.04264623351285,0.10346227388236,0.053537525040193,0.055525665083745,0.112144864967329,0
1.12370088013896,0.029443986364176,0.097092138031902,0.130730919224544,0.14293288731207,0
1.19420508209351,0.112337368833658,0.098676525911459,0.13200448262628,0.122514090765876,0
1.23068866452931,0.34239755272323,0.121410973721054,0.134600747854459,0.057319321959215,0
1.37889258737862,0.144995747619292,0.026389382299865,0.030018835487397,0.116611488440446,0
1.50180714516842,0.268871617859958,0.115472945936252,0.062676341974328,0.021690100337814,0
1.51894375989876,0.058927963753015,0.118800568229841,0.088176594963013,0.069391081294577,0
1.52957553037792,0.288825219775241,0.081992821377906,0.092938039640686,0.0165030577808,0
1.56189233635078,0.222891471265647,0.098457209703772,0.072782373076965,0.051049508037729,0
1.63350791873133,0.456636737954955,0.107436388853118,0.067253412217998,0.034261204809919,0
1.65337533362388,0.266451036272156,0.148670719880094,0.0677664747676,0.06208253201099,0
1.73760308621124,0.362528081000298,0.09277856100429,0.065860378541818,0.017666629435084,0
1.74904125434941,1.19885207331891,0.010773096397304,0.124164599983677,0.108960028138666,0
1.8318217122002,0.07755249738574,0.064142948482075,0.141142198423143,0.029252932180439,0
0.198770869436018,0.240652231056439,0.050891741060505,0.035946287112201,0.132946831614446,0
0.183241874306748,0.281981079303109,0.044393281615951,0.030482189557815,0.107611021592601,0
0.240421414843748,0.322728552592016,0.063287291081864,0.115252498914471,0.128886808154094,0
0.209876410753641,0.279239906072861,0.062987404477934,0.119215464228426,0.12398344155919,0
0.159571964323387,0.230415872666449,0.062480158650247,0.118613568254683,0.120188079231977,0
0.228186045536317,0.31783406056691,0.044679990058447,0.10520120569905,0.108279563599316,0
0.15105209578211,0.302867921347231,0.037820013676208,0.113483844114797,0.104853527467467,0
0.150091632451065,0.266418415970286,0.036934592233708,0.109322918158972,0.122743107511986,0
0.223950682460844,0.283890370352465,0.045791215150288,0.114955013444263,0.119206920535246,0
0.084673320458792,0.203705605141912,0.040285508130392,0.124462709446645,0.117403960038613,0
0.131165151157743,0.16635829763825,0.060460078474419,0.131568127399959,0.109810652795774,0
0.137284714053089,0.167802273304348,0.054496936131118,0.047589100062248,0.132182936258646,0
0.121358348018674,0.126136353097332,0.044885517305361,0.05693814800501,0.060813441511186,0
0.049021494928496,0.126852293577669,0.034981274621117,0.052460642845274,0.043686914360443,0
0.099577983991822,0.123643068589076,0.049255551050523,0.031996986928563,0.061886678843352,0
0.087352854976889,0.15054212277,0.053512646011022,0.054066070068775,0.048853012558493,0
0.123581163192092,0.177156921586681,0.044509455198705,0.046595142606785,0.039315218304166,0
0.049768611646801,0.126546076866975,0.130630122755747,0.030720743672598,0.040996534152033,0
0.106122652839467,0.167684712357393,0.10768753693407,0.05764290246837,0.05048230410004,0
0.067140636645365,0.205790078405972,0.111910720896897,0.031935128017175,0.054242338192606,0
0.108750679493644,0.127787208722633,0.106473455006888,0.055619237467352,0.035390463567917,0
0.117541127792947,0.204403080659884,0.104782679546726,0.031402119709681,0.048896599380534,0
0.072902542040708,0.1278194794055,0.111336002241963,0.056506573757084,0.062393690418612,0
0.136599964735572,0.123946468178054,0.120174582852075,0.034221849907395,0.055831924308515,0
0.052120829518832,0.207839135281983,0.11140932571351,0.049031096399252,0.046633114103142,0
0.095239221037219,0.210250097440081,0.127526968794429,0.039113736051155,0.056311641644173,0
0.067611745986881,0.20234268653777,0.118654889683545,0.056316368176249,0.03686593126871,0
0.138403426342195,0.17123235959063,0.123595818381447,0.02960833384646,0.049089108255218,0
0.112719825701866,0.214365118214427,0.12438271693509,0.038290510594009,0.059732133786006,0
0.0606101721549,0.205721953264569,0.111418094529019,0.058042726545571,0.036973049703522,0
0.084373790484073,0.133155075474539,0.11056660623478,0.055062025631802,0.131834957499322,0
0.089248990378326,0.132639458342618,0.117445482479081,0.029754154431718,0.106974521140965,0
0.12479973420311,0.130438201222373,0.128303360347276,0.035093060953653,0.10845823951354,0
0.08681583680849,0.215246300048476,0.114762925959762,0.034943924111436,0.127400828465275,0
0.134125880007851,0.129384876411945,0.127298077798766,0.039570623785716,0.108304449004473,0
0.089863393164399,0.208029778182015,0.063388869209337,0.047635220188931,0.104943883176349,0
0.115830367636255,0.191333432823777,0.043823561157771,0.055196472480659,0.108182980293492,0
0.111378089425091,0.208267595384116,0.047212447326428,0.04218095937462,0.108174038518067,0
0.05356499169185,0.211458661796829,0.036120767337925,0.031589548376465,0.049611916387739,0
0.09508575320281,0.152868685137891,0.059155166533129,0.044428535045592,0.035325691769404,0
0.093121845802812,0.132090121400027,0.049511933908287,0.033736605455457,0.031027744184345,0
0.058312387517278,0.216037504610883,0.054992392442366,0.034257363880474,0.056256799444352,0
0.073341940622257,0.153414314718246,0.063897277966116,0.028549537789723,0.029345255504506,0
0.107554255622512,0.204490311227884,0.039158763064298,0.044247913130343,0.049475168625934,0
0.124645554803917,0.192312244703194,0.03446376130753,0.049821419828067,0.036436377959371,0
0.049939054502936,0.200435760354599,0.058043873588535,0.033800203934895,0.037262918335997,0
0.085351244477746,0.177725777401422,0.062802278816679,0.030705906324547,0.056506573757084,0
0.096743244659105,0.124737581429263,0.062530144463874,0.05399709611473,0.034221849907395,0
0.070082131590029,0.195137909317348,0.034943090190709,0.045722662750467,0.110655005596361,0
0.136038257780846,0.174013836957542,0.050141801552645,0.028539410079735,0.10521886553605,0
0.053414558159467,0.189801482456887,0.051023345679139,0.057025602562133,0.111976479677515,0
0.133183934116664,0.184427757310826,0.062474926424967,0.048832425350208,0.128193716942951,0
0.047518916922568,0.144083988491295,0.053989116789199,0.045561002858882,0.105992101112028,0
0.061264403880111,0.146419314662186,0.057937145243079,0.05524581948467,0.110594947680919,0
0.12068776429107,0.200881915055106,0.049941578559318,0.049823779311982,0.131409977496061,0
0.132707148951483,0.162466390650657,0.052844769005983,0.028889756407027,0.124677175231774,0
0.047106083641889,0.17260062578697,0.048845445231432,0.057842089128102,0.108617854641154,0
0.087704159424533,0.180659242306395,0.047939501371274,0.044107293462293,0.109458137422768,0
0.119728443432245,0.145277008062769,0.040412644895352,0.047128209072166,0.113144922743214,0
0.075208030636159,0.157673800678672,0.054526987846245,0.031376778460469,0.126036180971607,0
0.12376760446265,0.131737297612393,0.057647031942152,0.036296942947707,0.106616698790114,0
0.071166677283333,0.132843771582579,0.056461395410922,0.031591483692818,0.110320793538226,0
0.103429801912353,0.139215144398633,0.052898316661627,0.030556101114706,0.118842351348536,0
0.065485659811564,0.142258513554689,0.035553273723221,0.046246843165553,0.117375338356657,0
0.019830562059475,1.90410545299225,0.142619667545654,0.031469196436251,0.092072176482352,1
0.046597446329459,1.82945462505539,0.093705997033552,0.139062392903236,0.022388950287269,1
0.054025867542705,0.653984336107587,0.136889613913263,0.025567647522861,0.07896751460072,1
0.070470248796705,1.86258790405889,0.073341532258577,0.029719982853172,0.034694178110871,1
0.082976139597751,1.47544000998062,0.056886786051992,0.029498090172874,0.121163526497841,1
0.08364519308383,1.19657705817929,0.058889340445773,0.111633795041834,0.135595436393361,1
0.101026647286901,1.74435824424323,0.148129540990165,0.062397911405857,0.061889900589365,1
0.11342285446643,1.08717970724913,0.022418354725988,0.026889021954084,0.074509027524582,1
0.125106926361159,1.93851423398021,0.017235440963605,0.084389648419541,0.085688917025415,1
0.137775784779517,1.16812308980965,0.044628734244048,0.073076178943413,0.028082318121209,1
0.144027696922856,1.16851921575078,0.108135678404277,0.020186820890987,0.12506040830065,1
0.163136871242126,1.3956146639975,0.021779595099307,0.032628019973246,0.135797586393791,1
0.169428544305504,1.79068514556045,0.138922136074454,0.018550914379681,0.048762870740609,1
0.173938280775527,1.36419361112868,0.083878155272082,0.149015071456702,0.020331519062956,1
0.174769349171002,1.21027269783811,0.026743194431362,0.109854270211219,0.116509906806366,1
0.183103652223706,0.82282189401069,0.02369678249114,0.078826222516357,0.076286047909279,1
0.213994358701452,1.87508468960054,0.071814270192273,0.134278585586162,0.059128101757291,1
0.220530634046194,0.991024515507723,0.04736849864917,0.121466925585043,0.056088696870289,1
0.221254211427881,1.00570491589549,0.069834681728454,0.101450198121824,0.064378583550724,1
0.222120130312902,1.31911215616004,0.144549844445724,0.030812781885436,0.068047377321783,1
0.237039084834559,0.991206723488278,0.078778880747755,0.041403357176956,0.042558004529219,1
0.239463222755119,0.997382094842556,0.041818358550933,0.097740837244502,0.042080491613032,1
0.240791584157437,1.01184581461075,0.072456269807318,0.052461810995835,0.072029525033688,1
0.244324654951381,1.15726778627336,0.03743760073868,0.016331820447475,0.055546246306857,1
0.247861347883866,1.00424547021007,0.107567831099784,0.061979996911927,0.064087107941463,1
0.282402403836926,1.80103709727773,0.148164171124072,0.118114267701532,0.037820195414784,1
0.283937069378946,1.00972519302692,0.04218959945112,0.080224609760103,0.065139328625038,1
0.286097734235877,1.00525271764371,0.023506420758944,0.036385965463446,0.028694976537401,1
0.28731858740492,1.67151117123061,0.102753119809557,0.053639550652518,0.082809522964894,1
0.288148875547749,1.01253873386524,0.053939203326786,0.073558429937758,0.070923682012708,1
0.29036147838765,1.01367275966624,0.052821598371537,0.104984049437566,0.064757378543196,1
0.293566130374011,1.0027874253682,0.071246489083322,0.136582217229125,0.058755765383262,1
0.30089954158723,1.04044194141273,0.08556586617277,0.094277201207558,0.027034195602544,1
0.304903378593543,1.03371356456296,0.041818232087106,0.09799255063658,0.027261048569957,1
0.307597469475776,1.02624318688654,0.059325688527424,0.123829533888187,0.025596348047995,1
0.307898857520763,1.03593811217629,0.104432555780146,0.130064566672929,0.084020074435423,1
0.31398490078602,1.03493712921964,0.061214206277475,0.123811409486851,0.061053018201756,1
0.329912193136133,1.63775437799693,0.130177785258022,0.070059163832503,0.11512194949081,1
0.335412506444195,0.788252257937004,0.141367663954945,0.035372629263193,0.019309477431349,1
0.335611404171422,1.59167100201236,0.041303417392723,0.144851155521686,0.011701626456574,1
0.340945702487154,1.03772069439502,0.054821949372108,0.117811256071413,0.020395037093845,1
0.347818231124206,1.04435015762648,0.071478887199831,0.062772220119487,0.074775169993745,1
0.369344936803394,1.14021100879973,0.100324190657323,0.034411300060699,0.106731283334345,1
0.372414652220512,1.58150002921353,0.062819782834647,0.012809967688882,0.055091083181645,1
0.378414528388853,1.08838288528293,0.137157224035332,0.043538664693376,0.030285282092771,1
0.407089477348999,1.36365420243827,0.070432336472155,0.027861242391379,0.049728626811822,1
0.40904420613367,0.988273148015459,0.117658238125271,0.14226720218354,0.128950634694838,1
0.411688369724667,1.35013054231659,0.139579591806949,0.073117511996579,0.025853326417706,1
0.439193553271457,1.32118208576299,0.060735145876329,0.091282369038926,0.098517000308734,1
0.444325236851478,1.90042275606095,0.108347771758195,0.060328761170766,0.051102858197029,1
0.450206789221008,1.97545933591333,0.126942349382493,0.054909209096043,0.03611259145598,1
0.464624935249285,1.99270449295292,0.120483973405027,0.079781907850068,0.022168840332239,1
0.467717586202529,0.249928102696785,0.134192099397116,0.119182576420067,0.0998844304616,1
0.482712820439912,0.752771065342387,0.034996252687607,0.101384455099262,0.043345589346542,1
0.49166958156643,1.97345856060162,0.059082258232924,0.092588476159649,0.064914166313963,1
0.498244728265829,0.784698271943533,0.08857880765973,0.117935405193639,0.079131383491015,1
0.500340046145822,1.64001361217166,0.026781151426716,0.057266123996508,0.142007358547753,1
0.50683933762978,0.98395567764985,0.098694159506525,0.085008455770466,0.022640567807617,1
0.522788948137315,0.93061968391124,0.059853541625699,0.148112134831017,0.094808474709964,1
0.545296874825844,1.597142610268,0.143567143816221,0.094864448823123,0.042009992770485,1
0.551568823087626,1.18455902706948,0.060908144333101,0.146049491580935,0.144742621291896,1
0.55536988916754,1.11281422500643,0.064414820556528,0.047988864448346,0.12602325128127,1
0.560887316497753,1.18877715390079,0.04919707311244,0.117729010646871,0.036186124798053,1
0.584500536173693,0.717788705765249,0.083182596113479,0.069855742570197,0.013558677744173,1
0.595986861488416,1.89742208085469,0.073849797790385,0.119924634595022,0.03795432950217,1
0.608917498224164,1.41926245640411,0.096550528864277,0.024157174657191,0.0217749528561,1
0.62278058376647,1.41231471784593,0.069378293982334,0.113102192987461,0.140811382067662,1
0.627620298257912,0.915888096672784,0.10403809581682,0.096537953664105,0.060142780524598,1
0.644317480834819,1.25552383910965,0.041397703324478,0.109705090988655,0.043214872249552,1
0.645009941754079,1.65954179355985,0.136058528002866,0.098634204018258,0.057464170746818,1
0.659658003405544,1.04024617033558,0.030590287330065,0.139722267522609,0.078896281031135,1
0.660795991510845,1.33851083727153,0.073460436864724,0.083414637705861,0.071706784571352,1
0.675145342725752,1.54411528545419,0.123041621722969,0.135452781989289,0.054520486496061,1
0.68063632109826,1.65947789810639,0.05219290238298,0.114665313224675,0.080380854612947,1
0.685505883160184,1.63150197635556,0.097906054528727,0.021446264472842,0.132301007374949,1
0.686351177898452,1.45228587534224,0.094900068352343,0.011287587226328,0.024206016001245,1
0.698307283336384,1.24562188035728,0.108873911801909,0.021388829289866,0.021877279971927,1
0.698410635168456,0.748367138339359,0.049913323617139,0.034272303341266,0.1355471594477,1
0.724874405105534,1.18997219435551,0.145103767493312,0.027401611287976,0.11232144652851,1
0.765773702556667,1.72803396264793,0.135487014592957,0.011820269291503,0.021971194319626,1
0.783230621527988,0.902900309018836,0.012759475285611,0.02457520147784,0.121988251952247,1
0.793790167251775,1.30595362431257,0.011833223922367,0.102895232082339,0.034925035361765,1
0.798383656302418,1.39397974131283,0.041076102670613,0.04235047152233,0.104064984103822,1
0.798521617616291,1.51889456665114,0.04791651517669,0.071455998898789,0.020983893387917,1
0.801212851945961,0.555688252673853,0.134636929744728,0.07379194539,0.096818563692215,1
0.840985743812007,1.75944543204871,0.137853677357906,0.081587935840531,0.080212281256208,1
0.845257360682983,1.28066663585153,0.016362493247804,0.049334846542912,0.143057607770718,1
0.84850043453137,1.47778878016189,0.069945780764424,0.145331674666114,0.144906796792495,1
0.858100791449586,0.908260178416054,0.062481881133319,0.049999692079461,0.131603877946524,1
0.867466172086994,0.504941402449383,0.042509777320555,0.13594044025844,0.06374477099225,1
0.896157457455304,1.03448653432008,0.058841557316019,0.140134080194696,0.126286717090282,1
0.910113386191417,1.29071961344108,0.03930890526714,0.061866094390794,0.077833217926743,1
0.914932312711379,1.03603609687271,0.132097347252181,0.140496559547706,0.089118645702489,1
0.964952484404779,1.25873587180456,0.013404235300404,0.100366121427003,0.034795495116987,1
0.96636728888003,1.18889149147244,0.092008581378285,0.141632233799494,0.090566384902623,1
0.978471193435158,1.7481122437825,0.046106395786292,0.033924262234609,0.10361005078942,1
0.99776883193046,1.19771726934461,0.036119808244045,0.134958259788597,0.085507913868191,1
0.99937778037677,1.23951600800042,0.138779786297786,0.058488439211235,0.058573448265472,1
1.05754129526287,1.46586314829311,0.096555668014242,0.061647909539768,0.074754860258641,1
1.06702736072205,1.87384532766697,0.128503320842833,0.027848412726478,0.065620220678451,1
1.09353330494209,0.021459734391262,0.067222783953734,0.013554089792448,0.031861363631267,1
1.09970882854594,1.63642256222536,0.122868179171029,0.114756356653712,0.035832942709893,1
1.10857388989544,0.87789179297928,0.029529140491286,0.050900250794931,0.061290658061117,1
1.13714523419083,0.957340300376208,0.054009837350686,0.081199896763058,0.137059306349653,1
1.13836235936347,1.47951392641014,0.036696280892913,0.015116953498733,0.0760893723154,1
1.17485518514954,1.73785984822138,0.044788479574025,0.114152480960175,0.014694540863009,1
1.18468693560447,0.543446645237524,0.035676631379481,0.052593914014335,0.083465900428513,1
1.18995047033499,1.16437155359724,0.110043429178009,0.102427632740482,0.049190745572432,1
1.20404089075741,0.590408531631513,0.087266957428428,0.088531316014954,0.132731504372168,1
1.20502855226297,1.33342298234705,0.112061003525738,0.117977848536032,0.020366251242773,1
1.21086270082894,1.33974346912448,0.12979750553488,0.126230781039379,0.065605694146584,1
1.21939622180893,1.03025013692285,0.05011577529796,0.092716656479662,0.014270034991467,1
1.23768456756773,1.96256049427457,0.135373251989468,0.064488235022783,0.011517271207242,1
1.23811852334202,1.41648666160204,0.086097400555958,0.136906095535037,0.097393319427959,1
1.24012991129306,1.40790529138277,0.081958528482374,0.11971142178376,0.065515989524978,1
1.24103664264822,1.50790611271971,0.107543203150981,0.098051998549184,0.132846081893787,1
1.24278578855913,0.932353147163139,0.10353191911989,0.038697801358215,0.051040682236542,1
1.25205632661978,0.824729187860569,0.070472302609896,0.050772079627726,0.095659405261133,1
1.26730891876317,0.527009126317678,0.136753476698697,0.022780134750059,0.054703909262658,1
1.27062165745403,0.523196494012073,0.014814392956131,0.137304856291029,0.046229197424002,1
1.27167134916823,1.08457090563455,0.143008675387113,0.143085000571258,0.09028130433726,1
1.27649619659184,1.41588669570893,0.034124781968228,0.036920462633214,0.015721606277307,1
1.30681698249801,0.743367424010285,0.085053491288177,0.053333866280086,0.123931302758973,1
1.31393154147165,1.10620616751219,0.129764481761541,0.108512100313203,0.076384336072226,1
1.31690596243717,0.657128227807143,0.029568132727681,0.121337423660385,0.038227824806684,1
1.33070561907167,1.87429118125627,0.044900912080843,0.067453609224988,0.115777159396027,1
1.33097100996739,0.95451544274213,0.096810185829992,0.084684552876685,0.135144961627134,1
1.348478215268,0.893062936416097,0.138917863566432,0.131785490688698,0.08263732799765,1
1.35925214359254,1.13580660835162,0.086386350504231,0.141805073228714,0.064054369292108,1
1.37427492158565,0.866308730849931,0.149960474260058,0.149529157190347,0.087760438784368,1
1.37992076889119,0.875306403821455,0.081504622360859,0.068437540440829,0.041095093465902,1
1.39042762930516,0.449331529449633,0.145783035739069,0.016042387673081,0.13476003591773,1
1.39301395339182,1.72164357040652,0.066487601269736,0.02876213198309,0.014029574683868,1
1.39508102992705,0.316252853616312,0.013549104078164,0.14477077805491,0.127037216871709,1
1.41409459330622,1.85124415165718,0.0123222960499,0.081693028161899,0.041709408527711,1
1.41964232366292,1.67565652344371,0.054656588241127,0.128282543535724,0.013258071003016,1
1.43103299494353,1.60543888530889,0.106655276008111,0.015503699577754,0.121917455847266,1
1.43449167971736,1.81897471612463,0.077359614259675,0.084562520557222,0.01725529515514,1
1.44090135131665,0.601272214090118,0.025104799779063,0.014400085996143,0.099097457576929,1
1.45909562484517,0.996027719250335,0.124522067229149,0.130502281655888,0.010973298274367,1
1.4678184734484,0.437731353395606,0.042031743168827,0.020777187376031,0.050565203407928,1
1.52443774197657,1.25617844004652,0.062704871362927,0.123477466309457,0.148218658104092,1
1.53670469497294,0.809842518082392,0.037334018291726,0.111143296136611,0.04930813074172,1
1.54413447084166,1.69111862395261,0.131248944530057,0.016330613814867,0.013691376429615,1
1.60083759914827,1.39244597700031,0.055248410482906,0.082630687044071,0.108422654245325,1
1.6176134244631,1.52694741820547,0.066106828522546,0.088349646383151,0.0317336344303,1
1.6367126878595,0.690216529878773,0.109130160891446,0.012881829201412,0.145787379302679,1
1.63749009018829,0.249216020187511,0.062263304279165,0.047904254240098,0.100159936053462,1
1.6898991934487,1.61328360437061,0.120403609571434,0.031234483162585,0.053641089491377,1
1.72563395835825,1.62093698870251,0.026250169670968,0.016440369883045,0.015702032324656,1
1.73786228576268,1.45706644883495,0.043211750843039,0.024249546166857,0.031400279485807,1
1.73856010423167,1.55542773705557,0.095878127431011,0.068554025080687,0.140581987669562,1
1.74496862021301,0.068202093238773,0.034841536129161,0.11508606522972,0.122956863497417,1
1.75824596698968,0.814239240085556,0.089077758656766,0.019199209519969,0.118573866337301,1
1.76873391107722,1.85622704355847,0.099240186209749,0.111652786721173,0.146619291124755,1
1.83545401516986,0.282269075528733,0.049877669212846,0.015164172629635,0.095339006757186,1
1.87874472004066,1.59957863918959,0.134886517724796,0.098359407639617,0.121273582495831,1
1.8860362305289,1.30279683149481,0.015031918331544,0.075183722538544,0.085970248859061,1
1.88978229675331,1.3696635762964,0.05668988403676,0.065743617102732,0.085235384411309,1
1.9009723341034,0.897551488186332,0.080375063252041,0.017207025174999,0.049010504993126,1
1.93913052144722,0.523685531075244,0.113756890900608,0.090426235845188,0.127856028746158,1
1.94307623714286,0.370144135891885,0.148594432534592,0.055129538296461,0.123382422419649,1
0.24961595,0.96566443,0.02250135,0.02451774,0.05580174,1
0.28201299,0.82840171,0.03904345,0.02707319,0.0555322,1
0.28607412,0.93838056,0.08331345,0.06767896,0.01560147,1
0.31701846,1.11620657,0.02325335,0.03342204,0.08634301,1
0.319795213300193,0.811888493411197,0.035226801489496,0.023334817541298,0.053086019170237,1
0.324006246792869,0.811742428651647,0.040240279305451,0.017100571245682,0.057418777963876,1
0.32432199990837,0.810251541516893,0.035419675069496,0.017323377046911,0.054157797586472,1
0.325068562427888,0.812789919454166,0.038777253328024,0.016104457217092,0.056075892933792,1
0.32757577,0.82002542,0.03084795,0.02467072,0.05297565,1
0.327908619698926,0.820027984233278,0.035017569192035,0.025668293911682,0.056342730069602,1
0.329019551343467,0.810716841435631,0.038903567768432,0.027920291267146,0.053607575421368,1
0.333030148471968,0.822066058610874,0.034724459588312,0.02709646986666,0.058546675739858,1
0.336504047360541,0.822604858556769,0.035457861061482,0.034473139864343,0.061724338364942,1
0.35663145,0.93138037,0.06508107,0.07634017,0.03690849,1
0.35831187,0.87216061,0.02912139,0.02508724,0.06146558,1
0.35831187,0.87216061,0.02912139,0.02508724,0.06146558,1
0.39867425,1.10344248,0.02272297,0.03274788,0.09287828,1
0.48013609,0.95123002,0.02667239,0.02687326,0.0417488,1
0.63731575,1.03604972,0.03079371,0.03564316,0.10680147,1
0.80521506284622,0.989493909363585,0.066087538243891,0.12127590508503,0.024392019698099,1
0.807159031773871,0.831804063293614,0.096371176614925,0.024469351522942,0.078615352549669,1
0.821378188063742,1.18216797082003,0.090801891720075,0.105452299098127,0.040370195971062,1
0.822434329079768,1.03051246679249,0.080655062226635,0.091017443481426,0.042991510613874,1
0.826196689179591,0.820810337513436,0.135593801197415,0.051720490096427,0.046722675163493,1
0.830243283831856,0.990511951996036,0.1399148289146,0.091629874419301,0.119690189110483,1
0.830643610964781,1.15788963156497,0.103252629833724,0.085762709719677,0.014061935419411,1
0.832145025118535,0.867723630708215,0.016258616341005,0.053627845703281,0.115285556091243,1
0.837355814778798,0.939970046501747,0.137421430609222,0.083535793955,0.024562652979667,1
0.846292351078911,0.814474310378751,0.013117764767633,0.015456384348066,0.073939930547788,1
0.846429095949886,0.920729389109932,0.024786408896362,0.01102332912135,0.056828458817411,1
0.854037432510907,0.919132560384596,0.077382466683744,0.050799176554305,0.018920879564424,1
0.857431606743445,1.06220531428748,0.066616734030557,0.149100148935174,0.113001791410997,1
0.859930018566884,1.05480520590992,0.107180599004573,0.077856108544508,0.02795644782065,1
0.865612635113548,1.13706885157161,0.12731027401376,0.059715745856107,0.125749910111138,1
0.867886130158949,0.938406491522544,0.145695770536348,0.108136596520663,0.067915974862667,1
0.868274046790929,1.19730107953638,0.056459242876379,0.040029694848568,0.023251965190021,1
0.875701611295298,1.06585728499498,0.02690530387221,0.018450896209218,0.111669634326509,1
0.879008908441565,1.04784487113851,0.145157201434817,0.149817754425536,0.013383607497276,1
0.880727770083504,1.15597405424508,0.045276282838748,0.046984071233771,0.016161855670094,1
0.88224891,0.494734,0.02937425,0.08888963,0.0754354,1
0.90413162600233,0.84755480763626,0.09318533882959,0.037778335023002,0.118542599075742,1
0.923191679437063,0.817369461766909,0.020732777999503,0.128051457192159,0.128851480684281,1
0.92692898044751,1.11073586145337,0.054980822380762,0.146281459731458,0.149820595083244,1
0.931504484049157,0.99557357362044,0.061699942986028,0.140838397741838,0.021429759071521,1
0.936124624415959,1.12554513741964,0.072329834018514,0.016264397361856,0.072588557289638,1
0.94558000618194,0.963763937874906,0.089747415852028,0.01071165985789,0.095578862553803,1
0.949883042092945,0.870530744615614,0.035414865942109,0.019819030824853,0.081176130500497,1
0.954820728186913,0.920302039224723,0.100211869525934,0.038658870263892,0.114293997574512,1
0.957968737960844,0.840270808295106,0.073554696045944,0.13422068283247,0.054716708439989,1
0.962178690768024,1.00030901120905,0.0164635280792,0.05575055870347,0.059811219683749,1
0.967788039143134,0.897465746862109,0.112004567029197,0.050907656198641,0.083191666285814,1
0.99508083,1.06171004,0.03587789,0.11238487,0.03202411,1
0.995945686312623,1.12237723204139,0.010718136869024,0.086048352139257,0.076583491381016,1
0.996530234264932,1.02266415499025,0.077114209412851,0.102256937472404,0.022031909645009,1
0.9979419892637,0.918327625545872,0.02438398900025,0.142109939945801,0.08046754860499,1
1.00249028496291,1.13140426818647,0.051502385659223,0.038479239015035,0.101302363215414,1
1.00283096521475,0.918345223085495,0.071390462179487,0.142286363247906,0.024964641450491,1
1.00761378047136,0.87804696251106,0.135554921352701,0.088042794735418,0.013304307045812,1
1.01140962847197,0.931360277170443,0.043682546795149,0.05579946781356,0.130279248732804,1
1.02143578964183,0.940359760581403,0.026107639294569,0.095269315499127,0.028674734986038,1
1.02726197606159,0.947765026333838,0.126299484649927,0.145669388699568,0.055854896877826,1
1.02764409732593,1.15926233514163,0.124079264075086,0.093485777224761,0.06299774752322,1
1.02816279128863,0.95856125004518,0.033018402466089,0.087882223837143,0.085186286582899,1
1.03010618618984,0.805624765224405,0.146053357379391,0.084425058956789,0.103445937857337,1
1.03392856,0.97716196,0.11286203,0.03246961,0.03643782,1
1.03405586704013,1.01947312565652,0.067427215799311,0.12473305296666,0.126510380610815,1
1.03684832569856,0.923027973313242,0.092562341429348,0.039621340896878,0.121310588899939,1
1.0444630019304,0.875742603141425,0.038851459127862,0.037882606727178,0.121403441074246,1
1.05756286359511,1.08641747190063,0.059042837511899,0.080341106870042,0.108495480458423,1
1.06798818591412,0.812697980589574,0.040131992098206,0.136695965288655,0.087316980581597,1
1.08208814062345,0.968565248088461,0.045618957620383,0.017963891131161,0.131330809725888,1
1.08895425245764,1.06049848181981,0.072406170517561,0.103761451241053,0.021550006957602,1
1.09052184748534,0.953132425050886,0.011241227362307,0.096443150675204,0.123373902648825,1
1.09654682932222,1.07717981812785,0.020858092769296,0.078166864672492,0.07554714684979,1
1.10531974418914,1.11902327910327,0.040944059423812,0.066698522726616,0.054253505942549,1
1.11124153176255,1.02512000626541,0.013634717692472,0.01031354080147,0.139418485184011,1
1.11921393375205,1.04470269242914,0.047977034415085,0.065016264728856,0.019832031852369,1
1.12327162871482,1.07478543467136,0.01076038289534,0.017384488094679,0.091360988552075,1
1.12359487744834,1.05014452086676,0.113580934772486,0.035859814056873,0.070854964952153,1
1.12759168106195,0.904891814341415,0.134025929376702,0.045706479246872,0.072063777262058,1
1.13427847974324,0.917588662958721,0.075606318137862,0.088253392854085,0.024966308683266,1
1.13919600622858,0.91650642720099,0.1447721112802,0.149632164048788,0.078042173368382,1
1.14090637165978,0.864225536585193,0.032279249517557,0.143319627388975,0.03324982429623,1
1.15262395820452,1.08858985575766,0.135954306711438,0.037801183821084,0.09322288615458,1
1.15504705951253,0.81650467649792,0.030226972979196,0.066553933377266,0.053437733758243,1
1.15718106291648,0.927878567177739,0.034027874628511,0.094148321758506,0.032404845503468,1
1.16422412987531,1.17940534563123,0.072138814469739,0.037833738943992,0.018763400911008,1
1.16513245578446,1.16630735672867,0.104350655141067,0.149274041214869,0.077130703001694,1
1.17716418907569,1.06230550458504,0.035328043336106,0.143425630938144,0.06767341767409,1
1.18374258231542,1.19794396830524,0.086191678599244,0.082298656889114,0.134089330333312,1
1.18394567784326,1.12244769689304,0.022372334745639,0.144888477329141,0.148502482115964,1
1.18418936852212,1.14445172070421,0.132865413658511,0.085482006023691,0.083569059643383,1
1.18418936852212,1.14445172070421,0.132865413658511,0.085482006023691,0.083569059643383,1
1.19213050490941,1.09650908275164,0.035554966698968,0.123526328880479,0.13275623957076,1
1.1934300277814,0.97039792700193,0.11272476147924,0.065293002580341,0.122286596608013,1
0.102137575067499,1.02867854047452,0.070799603641432,0.109931490526495,0.104663713452619,1
0.107756122414435,1.03336066607734,0.071821158794839,0.099239247111422,0.06455975311819,1
0.109645145766317,1.04173665764701,0.08388202932132,0.106502419451615,0.101023567970582,1
0.115374111471322,1.04279785436651,0.082096910759562,0.101751386068084,0.11288585183166,1
0.115692182921753,1.05203164443193,0.106528856099252,0.089810638684681,0.056654308954674,1
0.124712606343276,1.05234017622257,0.114752220057599,0.064092750963292,0.070506151181167,1
0.132094279361868,1.05800111527758,0.054832602519889,0.089051871488679,0.073189193282333,1
0.140333413340995,1.06298342545343,0.079114450255486,0.061002928782913,0.116087352958775,1
0.141035584807989,1.06540943539461,0.08848346649724,0.110735728854533,0.089085458437693,1
0.145521336941574,1.06839718611121,0.119885933920972,0.103464537370187,0.07223383588813,1
0.153354030188874,1.06545359618138,0.106681096944918,0.089813284307806,0.119218742683908,1
0.146158388016387,1.05729640595031,0.066380034799019,0.11604106502562,0.062041438754118,1
0.138843602187724,1.04941105429066,0.089044664034062,0.079138466224192,0.076649770635673,1
0.13534614447683,1.04462943988654,0.060917992156658,0.056423331546648,0.085300696555885,1
0.225488623062515,1.04152166137784,0.101892996872894,0.116013125423897,0.073290458979291,1
0.321878707856988,1.0335482883738,0.08077702177595,0.072192192712765,0.105742300421298,1
0.41861803455945,1.02530501772276,0.109195527727496,0.1118911986817,0.069356040433693,1
0.517761766895924,1.02305197975879,0.064636678562415,0.104382566498762,0.1032819615199,1
0.608189690171002,1.0158380672668,0.114402404382754,0.083753919080245,0.056811771715499,1
0.704263072576034,0.914171954506329,0.060658748531837,0.05662377233704,0.115630231004863,1
0.794693371935597,0.806599403478597,0.081779959978836,0.10909876875171,0.077754879991503,1
0.885468665675291,0.802650765186167,0.092888322464479,0.117287988873627,0.070529221193452,1
0.97609778019493,0.802425311094954,0.07838518883485,0.100893356700464,0.112114369218858,1
1.07175959988789,0.79287901972527,0.069752140800169,0.106488524426702,0.088046661982295,1
1.03023375080609,1.11585379922939,0.045498411755437,0.119379488116091,0.041686802459655,1
1.0688670987709,1.1358752995535,0.04298796181595,0.121976884128452,0.039889376613949,1
1.09009460850574,1.08775671919585,0.039406690169849,0.115132870619655,0.044902896514217,1
0.99508083,1.06171004,0.03587789,0.11238487,0.03202411,1
1.07450927924183,1.12811932617626,0.041098367775243,0.117238636195413,0.041283659464242,1
1.01629315405137,1.06578592914077,0.036715560520315,0.113608025406307,0.043226375035448,1
1.0574642632335,1.12913316955921,0.044765539003063,0.117593448729213,0.04045889748797,1
1.00407349000124,1.14293660751901,0.041782665844388,0.113576303995181,0.037123523848868,1
1.01470400749138,1.07973252617131,0.041767215834186,0.121618921553808,0.042751159120765,1
1.01292804379998,1.15950660538494,0.039728500089227,0.117400838887148,0.037410018837467,1
0.998978555912415,1.11430696250927,0.04313448810236,0.118456062790771,0.045650164896854,1
1.0709779086075,1.09728617362519,0.041857606748301,0.110071855558438,0.044521824566224,1
1.08989112220674,1.11017068432299,0.042536546485048,0.108402414291685,0.041737929090405,1
1.09245599979737,1.07814045129603,0.044481333259924,0.108646600528157,0.04257117031038,1
1.02566735705266,1.15074523073163,0.036094634025126,0.102922767740409,0.045591669118296,1
1.05037990649355,1.08214469353232,0.037381921092933,0.103943433235883,0.039490670007522,1
1.06807831382658,1.10192474086196,0.042108788967078,0.105521578581288,0.044420976649403,1
1.06222469241788,1.11864487344735,0.038812909443194,0.103547178877232,0.037198549735945,1
1.05004877397124,1.13252240481818,0.03750675628914,0.107439025418698,0.040429551635649,1
1.00615343938852,1.0639826244809,0.037931568281137,0.030845650226,0.108119942486456,1
1.03895011441471,1.13295901367126,0.041311668875068,0.029917640734365,0.11236867194271,1
1.09184713435505,1.15025428776484,0.037040950786358,0.030135669293768,0.102802681653531,1
1.0575800790342,1.08001939341263,0.039844802333697,0.029018391055492,0.109532297107889,1
1.05131402257979,1.08949005549577,0.036691379596026,0.034780019439678,0.105753458056652,1
0.981446817079347,0.975752159794147,0.039778041048866,0.026293036836498,0.112073602078292,1
0.964369557877679,0.99129132304898,0.044170859664749,0.026933684838279,0.026564443246483,1
0.947114184456728,0.986172803227439,0.038682249037131,0.027383529384126,0.026569768412396,1
0.943803314476172,1.0074780491191,0.038290348786876,0.03130944452149,0.024705779990362,1
0.903816570048028,0.986821016145279,0.045492723505275,0.028657805962651,0.03182963682875,1
0.966580710759765,0.999629314528408,0.120220565144842,0.028475213943321,0.023338001510825,1
1.06212250991167,0.090088245569766,0.121218798929205,0.028181549590739,0.030304226134265,1
1.08988336884146,0.062729854903665,0.117150932041294,0.030862841895446,0.027015130535809,1
0.930157382750424,0.971957622910606,0.114954301201262,0.032886940061254,0.022302874491992,1
0.907154641256426,1.02910658760472,0.116826605262211,0.042532495351997,0.026909590237602,1
0.96026425448359,1.04866287825752,0.121084020293613,0.043688500682654,0.029358355169276,1
0.98960177798201,1.03257767514359,0.118577205266578,0.03717908360363,0.027740057152262,1
0.944908713144992,0.976330318289033,0.118122265826159,0.043217068095679,0.022795059253216,1
0.986492156209656,0.983235460316384,0.119181835455144,0.035959236882304,0.04088738943529,1
0.928508031680225,1.03777895436579,0.114453384256226,0.037074704683895,0.109674703533063,1
0.947516829947247,1.01656921079784,0.029603362959221,0.039800215573692,0.111573834057227,1
0.952378489217744,1.02415514470802,0.029738412888857,0.035999610290376,0.108709249171859,1
0.910427684351993,1.00344722426454,0.028198182655038,0.037552786929067,0.106601556817086,1
1.06995261059524,0.100770188356676,0.023791344819261,0.036170390235126,0.109077611702271,1
1.15385670576634,0.074016058544366,0.027169357372945,0.036901850025524,0.110579787659603,1
1.09368461022848,0.112959656680958,0.026709323246979,0.03739327893487,0.112002823597925,1
1.10535120797968,0.129338458459838,0.031330035139735,0.036329465228098,0.102780279970998,1
1.16031270950359,0.054046483573466,0.031906664467716,0.036556313651998,0.111272999148703,1
1.13638937380288,0.079708867285351,0.025895915504193,0.039577439024657,0.105995928535054,1
1.099035781659,0.111946413905479,0.027163294861013,0.043321155762894,0.11206095707001,1
0.774810027847767,1.36249809255921,0.132832230069914,0.113707606485589,0.107582203739338,2
0.882844684187285,1.45326274422612,0.145725860658552,0.131170997625157,0.124390089932899,2
0.909876066284036,1.86841128488053,0.111115359575029,0.11080511511645,0.099760668603942,2
0.982804694711271,1.33705987251675,0.107531115342765,0.139149913364821,0.109013408803876,2
1.03832355947208,1.04558494345894,0.082929081502452,0.095257390302941,0.06625420282765,2
1.0663094779301,1.14371071961638,0.099387681784318,0.094447747892092,0.089163044373578,2
1.08358767182692,1.58353909802954,0.086822730511322,0.106865327676977,0.101274576330364,2
1.09785153576913,1.01106136409626,0.035503128988819,0.034880285593004,0.025333933705989,2
1.11517346636589,1.44121153876181,0.134673819303585,0.093102943497567,0.105074324680229,2
1.16260427986752,0.90586082130606,0.060702128788415,0.082624476522455,0.089505961022558,2
1.16264052223815,0.956070514498876,0.059445584610554,0.053406481020078,0.07738514225163,2
1.18248565248995,1.1671920441468,0.075765359375662,0.071954039969576,0.061455296408966,2
1.48798597718796,0.85673173555167,0.044434081973831,0.032495392256338,0.036119383367183,2
1.56190346789777,0.088841462443231,0.115719215794307,0.096843337189485,0.108571167533891,2
1.57482657868695,0.187927894601396,0.123310561766992,0.123415875255085,0.131390124601215,2
1.74861745723081,1.9683261037066,0.141664201809408,0.143550000780362,0.138081014630863,2
1.79015893151924,1.60171195933516,0.142843975215467,0.145188484630438,0.123175628736305,2
1.84248721715322,1.23713412589627,0.145788015694044,0.127896649238999,0.127366018659559,2
1.89001672435991,0.940129007387241,0.121761325055349,0.100994950308887,0.108275362816078,2
1.90221848887832,0.310605204643991,0.098115809338937,0.107404816457846,0.073635749067488,2
1.94724304866302,1.93806693201853,0.12379193941605,0.14261480083374,0.148040148935202,2
1.74861745723081,1.9683261037066,0.141664201809408,0.143550000780362,0.138081014630863,2
1.57482657868695,0.187927894601396,0.123310561766992,0.123415875255085,0.131390124601215,2
0.909876066284036,1.86841128488053,0.111115359575029,0.11080511511645,0.099760668603942,2
1.0663094779301,1.14371071961638,0.099387681784318,0.094447747892092,0.089163044373578,2
1.99588887996134,0.707916512748903,0.080369193034727,0.09076654384769,0.078952477134641,2
0.882844684187285,1.45326274422612,0.145725860658552,0.131170997625157,0.124390089932899,2
1.79015893151924,1.60171195933516,0.142843975215467,0.145188484630438,0.123175628736305,2
1.56190346789777,0.088841462443231,0.115719215794307,0.096843337189485,0.108571167533891,2
1.94724304866302,1.93806693201853,0.12379193941605,0.14261480083374,0.148040148935202,2
1.89001672435991,0.940129007387241,0.121761325055349,0.100994950308887,0.108275362816078,2
1.08358767182692,1.58353909802954,0.086822730511322,0.106865327676977,0.101274576330364,2
1.18248565248995,1.1671920441468,0.075765359375662,0.071954039969576,0.061455296408966,2
0.774810027847767,1.36249809255921,0.132832230069914,0.113707606485589,0.107582203739338,2
1.9367049215503,0.379195776249211,0.125155214009244,0.142971987860869,0.11160073117437,2
0.982804694711271,1.33705987251675,0.107531115342765,0.139149913364821,0.109013408803876,2
1.48798597718796,0.85673173555167,0.044434081973831,0.032495392256338,0.036119383367183,2
1.02925544119113,0.990682702093891,0.121520404705531,0.120077956479017,0.123587609601986,2
1.0269837046475,0.990794567740948,0.114793202801745,0.11830556275398,0.118580979023511,2
1.07233678011291,0.900808795967241,0.114687885651001,0.110820530699591,0.107336521373713,2
1.17409135923098,0.820181081023295,0.131825406784843,0.133704205096344,0.143604727647445,2
1.0255388558061,1.17205647546801,0.12828570426076,0.139148527728226,0.12605457905148,2
1.03557982805636,0.989233789204114,0.140565020198215,0.1291570404577,0.126711329738055,2
1.04556954468196,1.00288541425578,0.031194458528346,0.028953451176946,0.032278405062573,2
1.03242242261456,0.990108798369071,0.121238330663518,0.134772451708244,0.13520847413078,2
1.03242072543042,0.990742456388609,0.108236224200482,0.120913736409241,0.118397239578475,2
0.846923252107082,1.10884970880282,0.109424471971588,0.097649985868206,0.103890967829575,2
1.03604870408759,0.991254333115875,0.148120298222846,0.144495940301531,0.130663352970696,2
1.03208178741549,0.991677196243377,0.080583997538542,0.08042972423288,0.091578906956083,2
1.02921828424644,0.991089441257963,0.100288973716258,0.091818735033712,0.104786044714147,2
1.03679438868936,0.985792707606086,0.114341836545899,0.099701371290448,0.109355509302703,2
1.03085045519293,0.994882302641022,0.128760548147459,0.149684532762485,0.148361847726091,2
1.00027303434692,0.846597053556875,0.09017161285672,0.108421509237168,0.110065779789443,2
0.896307917942071,1.02328539188968,0.142218735941363,0.120524107107794,0.148865752548325,2
1.04427416362467,0.995811590731598,0.078703652223152,0.069389877912464,0.086401363114292,2
0.865166351706276,0.9954992053093,0.108660185103276,0.095338381976266,0.085604824985432,2
0.869540040080026,1.07742367574366,0.110169872113929,0.141817594126164,0.118765351339228,2
1.03847288730266,1.00282126099922,0.089444453789994,0.115482781799645,0.096147918269235,2
1.19189615874222,1.12420555579196,0.072308597748556,0.088492843722123,0.067575768472129,2
